{
  "files": 20095,
  "total_entities": 26371,
  "labels": [
    [
      "PHONE",
      21932
    ],
    [
      "DOB",
      3180
    ],
    [
      "EMAIL",
      974
    ],
    [
      "IPV4",
      144
    ],
    [
      "PAN",
      77
    ],
    [
      "BIC",
      43
    ],
    [
      "NAME",
      12
    ],
    [
      "IBAN",
      7
    ],
    [
      "NATIONAL_ID",
      2
    ]
  ],
  "actions": [
    [
      "UNKNOWN",
      26371
    ]
  ],
  "c_levels": [
    [
      "C4",
      22020
    ],
    [
      "C3",
      4351
    ]
  ],
  "detectors": [
    [
      "PHONE_e164",
      21924
    ],
    [
      "DOB_generic",
      3180
    ],
    [
      "EMAIL_basic",
      895
    ],
    [
      "IPV4_basic",
      144
    ],
    [
      "PAN_luhn",
      77
    ],
    [
      "EMAIL_simple",
      55
    ],
    [
      "BIC_basic",
      43
    ],
    [
      "EMAIL_override",
      24
    ],
    [
      "NAME_capitalized_bigram",
      12
    ],
    [
      "PHONE_e164ish",
      8
    ],
    [
      "IBAN_BE",
      4
    ],
    [
      "IBAN_generic",
      3
    ],
    [
      "NATIONAL_ID_BE",
      2
    ]
  ],
  "confidence_per_label": {
    "PHONE": {
      "count": 21932,
      "avg": 0.9797866131679738,
      "p50": 0.98,
      "p90": 0.98
    },
    "EMAIL": {
      "count": 974,
      "avg": 0.9784394250513347,
      "p50": 0.98,
      "p90": 0.98
    },
    "DOB": {
      "count": 3180,
      "avg": 0.9,
      "p50": 0.9,
      "p90": 0.9
    },
    "IPV4": {
      "count": 144,
      "avg": 0.8999999999999999,
      "p50": 0.9,
      "p90": 0.9
    },
    "BIC": {
      "count": 43,
      "avg": 0.9,
      "p50": 0.9,
      "p90": 0.9
    },
    "PAN": {
      "count": 77,
      "avg": 0.9884415584415585,
      "p50": 0.99,
      "p90": 0.99
    },
    "NAME": {
      "count": 12,
      "avg": 0.93,
      "p50": 0.93,
      "p90": 0.93
    },
    "IBAN": {
      "count": 7,
      "avg": 0.99,
      "p50": 0.99,
      "p90": 0.99
    },
    "NATIONAL_ID": {
      "count": 2,
      "avg": 0.9,
      "p50": 0.9,
      "p90": 0.9
    }
  }
}