{
  "files": 19682,
  "total_entities": 24055,
  "labels": [
    [
      "PHONE",
      19893
    ],
    [
      "DOB",
      2988
    ],
    [
      "EMAIL",
      906
    ],
    [
      "IPV4",
      144
    ],
    [
      "PAN",
      69
    ],
    [
      "BIC",
      36
    ],
    [
      "NAME",
      10
    ],
    [
      "IBAN",
      7
    ],
    [
      "NATIONAL_ID",
      2
    ]
  ],
  "actions": [
    [
      "UNKNOWN",
      24055
    ]
  ],
  "c_levels": [
    [
      "C4",
      19959
    ],
    [
      "C3",
      4096
    ]
  ],
  "detectors": [
    [
      "PHONE_e164",
      19886
    ],
    [
      "DOB_generic",
      2988
    ],
    [
      "EMAIL_basic",
      837
    ],
    [
      "IPV4_basic",
      144
    ],
    [
      "PAN_luhn",
      69
    ],
    [
      "EMAIL_simple",
      45
    ],
    [
      "BIC_basic",
      36
    ],
    [
      "EMAIL_override",
      24
    ],
    [
      "NAME_capitalized_bigram",
      10
    ],
    [
      "PHONE_e164ish",
      7
    ],
    [
      "IBAN_BE",
      4
    ],
    [
      "IBAN_generic",
      3
    ],
    [
      "NATIONAL_ID_BE",
      2
    ]
  ],
  "confidence_per_label": {
    "PHONE": {
      "count": 19893,
      "avg": 0.9797647413663098,
      "p50": 0.98,
      "p90": 0.98
    },
    "EMAIL": {
      "count": 906,
      "avg": 0.9783222958057395,
      "p50": 0.98,
      "p90": 0.98
    },
    "DOB": {
      "count": 2988,
      "avg": 0.9000000000000001,
      "p50": 0.9,
      "p90": 0.9
    },
    "IPV4": {
      "count": 144,
      "avg": 0.8999999999999999,
      "p50": 0.9,
      "p90": 0.9
    },
    "BIC": {
      "count": 36,
      "avg": 0.8999999999999999,
      "p50": 0.9,
      "p90": 0.9
    },
    "PAN": {
      "count": 69,
      "avg": 0.9882608695652173,
      "p50": 0.99,
      "p90": 0.99
    },
    "NAME": {
      "count": 10,
      "avg": 0.93,
      "p50": 0.93,
      "p90": 0.93
    },
    "IBAN": {
      "count": 7,
      "avg": 0.99,
      "p50": 0.99,
      "p90": 0.99
    },
    "NATIONAL_ID": {
      "count": 2,
      "avg": 0.9,
      "p50": 0.9,
      "p90": 0.9
    }
  }
}